payload_context_unit_id,cell_antigen_context,cell_line,antigen_name,payload_mechanism,payload_identity,payload_name,payload_target,input_observations,unique_adcs,adc_ids,positives,negatives,response_rate,response_any,response_all,has_repeated_observations,has_discordant_repeated_labels,value_nM_min,source_activity_rows_total
A375.S2 cells || CD276 antigen (CD276) || DNA-damaging || PAY0SOSMQ,A375.S2 cells || CD276 antigen (CD276),A375.S2 cells,CD276 antigen (CD276),DNA-damaging,PAY0SOSMQ,Seco-DUBA,Human deoxyribonucleic acid (hDNA),1,1,DRG0DEGEG,1,0,1.0,1,1,0,0,0.181,1
A375.S2 cells || CD276 antigen (CD276) || microtubule-disrupting || PAY0FSXOW,A375.S2 cells || CD276 antigen (CD276),A375.S2 cells,CD276 antigen (CD276),microtubule-disrupting,PAY0FSXOW,Monomethyl auristatin E,Microtubule (MT),4,4,DRG0HVHRQ;DRG0NGUFC;DRG0QMQFL;DRG0XHGCX,4,0,1.0,1,1,1,0,0.15,4
CVCL_0033 || Receptor tyrosine-protein kinase erbB-2 (HER2) || Topo-I inhibitor || PAY0WSZPJ,CVCL_0033 || Receptor tyrosine-protein kinase erbB-2 (HER2),CVCL_0033,Receptor tyrosine-protein kinase erbB-2 (HER2),Topo-I inhibitor,PAY0WSZPJ,DXd,DNA topoisomerase 1 (TOP1),1,1,DRG0ERKBH,1,0,1.0,1,1,0,0,0.0652,1
CVCL_0033 || Receptor tyrosine-protein kinase erbB-2 (HER2) || microtubule-disrupting || PAY0FSXOW,CVCL_0033 || Receptor tyrosine-protein kinase erbB-2 (HER2),CVCL_0033,Receptor tyrosine-protein kinase erbB-2 (HER2),microtubule-disrupting,PAY0FSXOW,Monomethyl auristatin E,Microtubule (MT),1,1,DRG0BZNZA,1,0,1.0,1,1,0,0,2.3,1
CVCL_0479 || Cadherin-6 (CDH6) || Topo-I inhibitor || PAY0UXDSB,CVCL_0479 || Cadherin-6 (CDH6),CVCL_0479,Cadherin-6 (CDH6),Topo-I inhibitor,PAY0UXDSB,DX-8951 derivative (DXd),DNA topoisomerase 1 (TOP1),4,4,DRG0BWNUI;DRG0EFAMN;DRG0SLFJV;DRG0ZBRFQ,4,0,1.0,1,1,1,0,0.01,4
CVCL_0479 || Cadherin-6 (CDH6) || microtubule-disrupting || PAY0GTSVM,CVCL_0479 || Cadherin-6 (CDH6),CVCL_0479,Cadherin-6 (CDH6),microtubule-disrupting,PAY0GTSVM,Mertansine DM4,Microtubule (MT),1,1,DRG0XGLSR,1,0,1.0,1,1,0,0,1.0,1
Calu-6 cells || CD276 antigen (CD276) || DNA-damaging || PAY0SOSMQ,Calu-6 cells || CD276 antigen (CD276),Calu-6 cells,CD276 antigen (CD276),DNA-damaging,PAY0SOSMQ,Seco-DUBA,Human deoxyribonucleic acid (hDNA),1,1,DRG0DEGEG,1,0,1.0,1,1,0,0,0.26,1
Calu-6 cells || CD276 antigen (CD276) || microtubule-disrupting || PAY0FSXOW,Calu-6 cells || CD276 antigen (CD276),Calu-6 cells,CD276 antigen (CD276),microtubule-disrupting,PAY0FSXOW,Monomethyl auristatin E,Microtubule (MT),4,4,DRG0HVHRQ;DRG0NGUFC;DRG0QMQFL;DRG0XHGCX,4,0,1.0,1,1,1,0,0.03,4
Daudi cells || B-cell receptor CD22 (CD22) || DNA-damaging || PAY0RZSDY,Daudi cells || B-cell receptor CD22 (CD22),Daudi cells,B-cell receptor CD22 (CD22),DNA-damaging,PAY0RZSDY,N-acetyl-gamma-calicheamicin,Human deoxyribonucleic acid (hDNA),1,1,DRG0SXFSY,1,0,1.0,1,1,0,0,0.005,3
Daudi cells || B-cell receptor CD22 (CD22) || Topo-I inhibitor || PAY0ZVBAI,Daudi cells || B-cell receptor CD22 (CD22),Daudi cells,B-cell receptor CD22 (CD22),Topo-I inhibitor,PAY0ZVBAI,Active metabolite of irinotecan SN38,DNA topoisomerase 1 (TOP1),1,1,DRG0RGMND,1,0,1.0,1,1,0,0,0.06,6
HCT 15 cells || Epidermal growth factor receptor (EGFR) || DNA-damaging || PAY0AKDAM,HCT 15 cells || Epidermal growth factor receptor (EGFR),HCT 15 cells,Epidermal growth factor receptor (EGFR),DNA-damaging,PAY0AKDAM,SGD-1882,Human deoxyribonucleic acid (hDNA),1,1,DRG0CXFTH,0,1,0.0,0,0,0,0,28.4,1
HCT 15 cells || Epidermal growth factor receptor (EGFR) || microtubule-disrupting || PAY0FSXOW,HCT 15 cells || Epidermal growth factor receptor (EGFR),HCT 15 cells,Epidermal growth factor receptor (EGFR),microtubule-disrupting,PAY0FSXOW,Monomethyl auristatin E,Microtubule (MT),1,1,DRG0NEMOV,0,1,0.0,0,0,0,0,1000.0,1
Hs 700T cells || CD276 antigen (CD276) || DNA-damaging || PAY0SOSMQ,Hs 700T cells || CD276 antigen (CD276),Hs 700T cells,CD276 antigen (CD276),DNA-damaging,PAY0SOSMQ,Seco-DUBA,Human deoxyribonucleic acid (hDNA),1,1,DRG0DEGEG,1,0,1.0,1,1,0,0,0.319,1
Hs 700T cells || CD276 antigen (CD276) || microtubule-disrupting || PAY0FSXOW,Hs 700T cells || CD276 antigen (CD276),Hs 700T cells,CD276 antigen (CD276),microtubule-disrupting,PAY0FSXOW,Monomethyl auristatin E,Microtubule (MT),4,4,DRG0HVHRQ;DRG0NGUFC;DRG0QMQFL;DRG0XHGCX,4,0,1.0,1,1,1,0,0.11,4
LoVo cells || Epidermal growth factor receptor (EGFR) || DNA-damaging || PAY0AKDAM,LoVo cells || Epidermal growth factor receptor (EGFR),LoVo cells,Epidermal growth factor receptor (EGFR),DNA-damaging,PAY0AKDAM,SGD-1882,Human deoxyribonucleic acid (hDNA),1,1,DRG0CXFTH,1,0,1.0,1,1,0,0,0.7,1
LoVo cells || Epidermal growth factor receptor (EGFR) || microtubule-disrupting || PAY0FSXOW,LoVo cells || Epidermal growth factor receptor (EGFR),LoVo cells,Epidermal growth factor receptor (EGFR),microtubule-disrupting,PAY0FSXOW,Monomethyl auristatin E,Microtubule (MT),1,1,DRG0NEMOV,1,0,1.0,1,1,0,0,8.0,1
MCF-7 cells || Receptor tyrosine-protein kinase erbB-2 (HER2) || Topo-I inhibitor || PAY0ZVBAI,MCF-7 cells || Receptor tyrosine-protein kinase erbB-2 (HER2),MCF-7 cells,Receptor tyrosine-protein kinase erbB-2 (HER2),Topo-I inhibitor,PAY0ZVBAI,Active metabolite of irinotecan SN38,DNA topoisomerase 1 (TOP1),4,4,DRG0OKMOL;DRG0PZVUG;DRG0QQKLF;DRG0QYJUL,0,4,0.0,0,0,1,0,484.71,4
MCF-7 cells || Receptor tyrosine-protein kinase erbB-2 (HER2) || microtubule-disrupting || PAY0FSXOW,MCF-7 cells || Receptor tyrosine-protein kinase erbB-2 (HER2),MCF-7 cells,Receptor tyrosine-protein kinase erbB-2 (HER2),microtubule-disrupting,PAY0FSXOW,Monomethyl auristatin E,Microtubule (MT),3,3,DRG0HCHFN;DRG0VVVWC;DRG0XOWVF,0,3,0.0,0,0,1,0,20.07,3
MCF-7 cells || Receptor tyrosine-protein kinase erbB-2 (HER2) || microtubule-disrupting || PAY0JCIBW,MCF-7 cells || Receptor tyrosine-protein kinase erbB-2 (HER2),MCF-7 cells,Receptor tyrosine-protein kinase erbB-2 (HER2),microtubule-disrupting,PAY0JCIBW,Mertansine DM1,Microtubule (MT),1,1,DRG0HZNEP,0,1,0.0,0,0,0,0,100.0,1
MCF-7 cells || Receptor tyrosine-protein kinase erbB-2 (HER2) || microtubule-disrupting || PAY0VZVPQ,MCF-7 cells || Receptor tyrosine-protein kinase erbB-2 (HER2),MCF-7 cells,Receptor tyrosine-protein kinase erbB-2 (HER2),microtubule-disrupting,PAY0VZVPQ,DM1,Microtubule (MT),1,1,DRG0CYMEB,0,1,0.0,0,0,0,0,50.0,3
MDA-MB-231 cells || Receptor tyrosine-protein kinase erbB-2 (HER2) || DNA-damaging || PAY0QKJME,MDA-MB-231 cells || Receptor tyrosine-protein kinase erbB-2 (HER2),MDA-MB-231 cells,Receptor tyrosine-protein kinase erbB-2 (HER2),DNA-damaging,PAY0QKJME,PBD-based payload 37b3,Human Deoxyribonucleic acid (hDNA),1,1,DRG0JWSPU,0,1,0.0,0,0,0,0,344.6,1
MDA-MB-231 cells || Receptor tyrosine-protein kinase erbB-2 (HER2) || Topo-I inhibitor || PAY0ZVBAI,MDA-MB-231 cells || Receptor tyrosine-protein kinase erbB-2 (HER2),MDA-MB-231 cells,Receptor tyrosine-protein kinase erbB-2 (HER2),Topo-I inhibitor,PAY0ZVBAI,Active metabolite of irinotecan SN38,DNA topoisomerase 1 (TOP1),4,4,DRG0OKMOL;DRG0PZVUG;DRG0QQKLF;DRG0QYJUL,0,4,0.0,0,0,1,0,1000.0,4
MDA-MB-231 cells || Receptor tyrosine-protein kinase erbB-2 (HER2) || microtubule-disrupting || PAY0FSXOW,MDA-MB-231 cells || Receptor tyrosine-protein kinase erbB-2 (HER2),MDA-MB-231 cells,Receptor tyrosine-protein kinase erbB-2 (HER2),microtubule-disrupting,PAY0FSXOW,Monomethyl auristatin E,Microtubule (MT),1,1,DRG0TDKHC,0,1,0.0,0,0,0,0,66.0,1
MDA-MB-231 cells || Receptor tyrosine-protein kinase erbB-2 (HER2) || microtubule-disrupting || PAY0JCIBW,MDA-MB-231 cells || Receptor tyrosine-protein kinase erbB-2 (HER2),MDA-MB-231 cells,Receptor tyrosine-protein kinase erbB-2 (HER2),microtubule-disrupting,PAY0JCIBW,Mertansine DM1,Microtubule (MT),1,1,DRG0PZEQO,0,1,0.0,0,0,0,0,66.0,1
MDA-MB-231 cells || Tyrosine-protein kinase receptor UFO (AXL) || DNA-damaging || PAY0XBVCC,MDA-MB-231 cells || Tyrosine-protein kinase receptor UFO (AXL),MDA-MB-231 cells,Tyrosine-protein kinase receptor UFO (AXL),DNA-damaging,PAY0XBVCC,SG3199 (SC-DR002),Human deoxyribonucleic acid (hDNA),1,1,DRG0TZZNJ,1,0,1.0,1,1,0,0,0.35,1
MDA-MB-231 cells || Tyrosine-protein kinase receptor UFO (AXL) || microtubule-disrupting || PAY0FSXOW,MDA-MB-231 cells || Tyrosine-protein kinase receptor UFO (AXL),MDA-MB-231 cells,Tyrosine-protein kinase receptor UFO (AXL),microtubule-disrupting,PAY0FSXOW,Monomethyl auristatin E,Microtubule (MT),2,2,DRG0FCQNM;DRG0MCWQA,2,0,1.0,1,1,1,0,0.04,2
MDA-MB-468 cells || CD276 antigen (CD276) || DNA-damaging || PAY0SOSMQ,MDA-MB-468 cells || CD276 antigen (CD276),MDA-MB-468 cells,CD276 antigen (CD276),DNA-damaging,PAY0SOSMQ,Seco-DUBA,Human deoxyribonucleic acid (hDNA),1,1,DRG0DEGEG,1,0,1.0,1,1,0,0,0.767,1
MDA-MB-468 cells || CD276 antigen (CD276) || microtubule-disrupting || PAY0FSXOW,MDA-MB-468 cells || CD276 antigen (CD276),MDA-MB-468 cells,CD276 antigen (CD276),microtubule-disrupting,PAY0FSXOW,Monomethyl auristatin E,Microtubule (MT),4,4,DRG0HVHRQ;DRG0NGUFC;DRG0QMQFL;DRG0XHGCX,4,0,1.0,1,1,1,0,0.2,4
NCI-H1703 cells || CD276 antigen (CD276) || DNA-damaging || PAY0SOSMQ,NCI-H1703 cells || CD276 antigen (CD276),NCI-H1703 cells,CD276 antigen (CD276),DNA-damaging,PAY0SOSMQ,Seco-DUBA,Human deoxyribonucleic acid (hDNA),1,1,DRG0DEGEG,1,0,1.0,1,1,0,0,0.585,1
NCI-H1703 cells || CD276 antigen (CD276) || microtubule-disrupting || PAY0FSXOW,NCI-H1703 cells || CD276 antigen (CD276),NCI-H1703 cells,CD276 antigen (CD276),microtubule-disrupting,PAY0FSXOW,Monomethyl auristatin E,Microtubule (MT),4,4,DRG0HVHRQ;DRG0NGUFC;DRG0QMQFL;DRG0XHGCX,4,0,1.0,1,1,1,0,0.043,4
NCI-N87 cells || Receptor tyrosine-protein kinase erbB-2 (HER2) || DNA-damaging || PAY0QKJME,NCI-N87 cells || Receptor tyrosine-protein kinase erbB-2 (HER2),NCI-N87 cells,Receptor tyrosine-protein kinase erbB-2 (HER2),DNA-damaging,PAY0QKJME,PBD-based payload 37b3,Human Deoxyribonucleic acid (hDNA),1,1,DRG0JWSPU,0,1,0.0,0,0,0,0,56.1,1
NCI-N87 cells || Receptor tyrosine-protein kinase erbB-2 (HER2) || microtubule-disrupting || PAY0FSXOW,NCI-N87 cells || Receptor tyrosine-protein kinase erbB-2 (HER2),NCI-N87 cells,Receptor tyrosine-protein kinase erbB-2 (HER2),microtubule-disrupting,PAY0FSXOW,Monomethyl auristatin E,Microtubule (MT),7,7,DRG0CIWNZ;DRG0CXIUK;DRG0HCHFN;DRG0NPYPV;DRG0TDKHC;DRG0VVVWC;DRG0XOWVF,6,1,0.8571428571428571,1,0,1,1,0.05,7
NCI-N87 cells || Receptor tyrosine-protein kinase erbB-2 (HER2) || microtubule-disrupting || PAY0JCIBW,NCI-N87 cells || Receptor tyrosine-protein kinase erbB-2 (HER2),NCI-N87 cells,Receptor tyrosine-protein kinase erbB-2 (HER2),microtubule-disrupting,PAY0JCIBW,Mertansine DM1,Microtubule (MT),1,1,DRG0PZEQO,1,0,1.0,1,1,0,0,1.05,1
NCI-N87 cells || Receptor tyrosine-protein kinase erbB-2 (HER2) || microtubule-disrupting || PAY0VZVPQ,NCI-N87 cells || Receptor tyrosine-protein kinase erbB-2 (HER2),NCI-N87 cells,Receptor tyrosine-protein kinase erbB-2 (HER2),microtubule-disrupting,PAY0VZVPQ,DM1,Microtubule (MT),1,1,DRG0CYMEB,1,0,1.0,1,1,0,0,0.26,2
PA-1 cells || CD276 antigen (CD276) || DNA-damaging || PAY0SOSMQ,PA-1 cells || CD276 antigen (CD276),PA-1 cells,CD276 antigen (CD276),DNA-damaging,PAY0SOSMQ,Seco-DUBA,Human deoxyribonucleic acid (hDNA),1,1,DRG0DEGEG,1,0,1.0,1,1,0,0,0.275,1
PA-1 cells || CD276 antigen (CD276) || microtubule-disrupting || PAY0FSXOW,PA-1 cells || CD276 antigen (CD276),PA-1 cells,CD276 antigen (CD276),microtubule-disrupting,PAY0FSXOW,Monomethyl auristatin E,Microtubule (MT),4,4,DRG0HVHRQ;DRG0NGUFC;DRG0QMQFL;DRG0XHGCX,4,0,1.0,1,1,1,0,0.41,4
RS4 11 cells || B-cell receptor CD22 (CD22) || DNA-damaging || PAY0RZSDY,RS4 11 cells || B-cell receptor CD22 (CD22),RS4 11 cells,B-cell receptor CD22 (CD22),DNA-damaging,PAY0RZSDY,N-acetyl-gamma-calicheamicin,Human deoxyribonucleic acid (hDNA),1,1,DRG0SXFSY,1,0,1.0,1,1,0,0,0.047,1
RS4 11 cells || B-cell receptor CD22 (CD22) || Topo-I inhibitor || PAY0ZVBAI,RS4 11 cells || B-cell receptor CD22 (CD22),RS4 11 cells,B-cell receptor CD22 (CD22),Topo-I inhibitor,PAY0ZVBAI,Active metabolite of irinotecan SN38,DNA topoisomerase 1 (TOP1),1,1,DRG0RGMND,1,0,1.0,1,1,0,0,1.68,1
Raji cells || B-cell receptor CD22 (CD22) || DNA-damaging || PAY0RZSDY,Raji cells || B-cell receptor CD22 (CD22),Raji cells,B-cell receptor CD22 (CD22),DNA-damaging,PAY0RZSDY,N-acetyl-gamma-calicheamicin,Human deoxyribonucleic acid (hDNA),1,1,DRG0SXFSY,1,0,1.0,1,1,0,0,0.08,2
Raji cells || B-cell receptor CD22 (CD22) || Topo-I inhibitor || PAY0ZVBAI,Raji cells || B-cell receptor CD22 (CD22),Raji cells,B-cell receptor CD22 (CD22),Topo-I inhibitor,PAY0ZVBAI,Active metabolite of irinotecan SN38,DNA topoisomerase 1 (TOP1),2,2,DRG0QJGNH;DRG0RGMND,1,1,0.5,1,0,1,1,0.19,8
Raji cells || CD276 antigen (CD276) || DNA-damaging || PAY0SOSMQ,Raji cells || CD276 antigen (CD276),Raji cells,CD276 antigen (CD276),DNA-damaging,PAY0SOSMQ,Seco-DUBA,Human deoxyribonucleic acid (hDNA),1,1,DRG0DEGEG,0,1,0.0,0,0,0,0,10.0,1
Raji cells || CD276 antigen (CD276) || microtubule-disrupting || PAY0FSXOW,Raji cells || CD276 antigen (CD276),Raji cells,CD276 antigen (CD276),microtubule-disrupting,PAY0FSXOW,Monomethyl auristatin E,Microtubule (MT),4,4,DRG0HVHRQ;DRG0NGUFC;DRG0QMQFL;DRG0XHGCX,0,4,0.0,0,0,1,0,100.0,4
Ramos cells || B-cell receptor CD22 (CD22) || DNA-damaging || PAY0RZSDY,Ramos cells || B-cell receptor CD22 (CD22),Ramos cells,B-cell receptor CD22 (CD22),DNA-damaging,PAY0RZSDY,N-acetyl-gamma-calicheamicin,Human deoxyribonucleic acid (hDNA),1,1,DRG0SXFSY,1,0,1.0,1,1,0,0,0.02,5
Ramos cells || B-cell receptor CD22 (CD22) || Topo-I inhibitor || PAY0ZVBAI,Ramos cells || B-cell receptor CD22 (CD22),Ramos cells,B-cell receptor CD22 (CD22),Topo-I inhibitor,PAY0ZVBAI,Active metabolite of irinotecan SN38,DNA topoisomerase 1 (TOP1),2,2,DRG0QJGNH;DRG0RGMND,1,1,0.5,1,0,1,1,0.51,9
Reh cells || B-cell receptor CD22 (CD22) || DNA-damaging || PAY0RZSDY,Reh cells || B-cell receptor CD22 (CD22),Reh cells,B-cell receptor CD22 (CD22),DNA-damaging,PAY0RZSDY,N-acetyl-gamma-calicheamicin,Human deoxyribonucleic acid (hDNA),1,1,DRG0SXFSY,1,0,1.0,1,1,0,0,0.013,1
Reh cells || B-cell receptor CD22 (CD22) || Topo-I inhibitor || PAY0ZVBAI,Reh cells || B-cell receptor CD22 (CD22),Reh cells,B-cell receptor CD22 (CD22),Topo-I inhibitor,PAY0ZVBAI,Active metabolite of irinotecan SN38,DNA topoisomerase 1 (TOP1),2,2,DRG0QJGNH;DRG0RGMND,1,1,0.5,1,0,1,1,1.22,2
SK-BR-3 cells || Receptor tyrosine-protein kinase erbB-2 (HER2) || DNA-damaging || PAY0LZRXU,SK-BR-3 cells || Receptor tyrosine-protein kinase erbB-2 (HER2),SK-BR-3 cells,Receptor tyrosine-protein kinase erbB-2 (HER2),DNA-damaging,PAY0LZRXU,SG3199,Human Deoxyribonucleic acid (hDNA),2,2,DRG0OHTUI;DRG0ZKEKI,2,0,1.0,1,1,1,0,0.0144,2
SK-BR-3 cells || Receptor tyrosine-protein kinase erbB-2 (HER2) || microtubule-disrupting || PAY0FSXOW,SK-BR-3 cells || Receptor tyrosine-protein kinase erbB-2 (HER2),SK-BR-3 cells,Receptor tyrosine-protein kinase erbB-2 (HER2),microtubule-disrupting,PAY0FSXOW,Monomethyl auristatin E,Microtubule (MT),6,6,DRG0CXIUK;DRG0HCHFN;DRG0NPYPV;DRG0TDKHC;DRG0VVVWC;DRG0XOWVF,6,0,1.0,1,1,1,0,0.02,6
SK-BR-3 cells || Receptor tyrosine-protein kinase erbB-2 (HER2) || microtubule-disrupting || PAY0JCIBW,SK-BR-3 cells || Receptor tyrosine-protein kinase erbB-2 (HER2),SK-BR-3 cells,Receptor tyrosine-protein kinase erbB-2 (HER2),microtubule-disrupting,PAY0JCIBW,Mertansine DM1,Microtubule (MT),2,2,DRG0HZNEP;DRG0PZEQO,2,0,1.0,1,1,1,0,0.04,2
SK-BR-3 cells || Receptor tyrosine-protein kinase erbB-2 (HER2) || microtubule-disrupting || PAY0VZVPQ,SK-BR-3 cells || Receptor tyrosine-protein kinase erbB-2 (HER2),SK-BR-3 cells,Receptor tyrosine-protein kinase erbB-2 (HER2),microtubule-disrupting,PAY0VZVPQ,DM1,Microtubule (MT),1,1,DRG0CYMEB,1,0,1.0,1,1,0,0,0.04,4
SK-OV-3 cells || Receptor tyrosine-protein kinase erbB-2 (HER2) || DNA-damaging || PAY0QKJME,SK-OV-3 cells || Receptor tyrosine-protein kinase erbB-2 (HER2),SK-OV-3 cells,Receptor tyrosine-protein kinase erbB-2 (HER2),DNA-damaging,PAY0QKJME,PBD-based payload 37b3,Human Deoxyribonucleic acid (hDNA),1,1,DRG0JWSPU,1,0,1.0,1,1,0,0,5.4,1
SK-OV-3 cells || Receptor tyrosine-protein kinase erbB-2 (HER2) || Topo-I inhibitor || PAY0ZVBAI,SK-OV-3 cells || Receptor tyrosine-protein kinase erbB-2 (HER2),SK-OV-3 cells,Receptor tyrosine-protein kinase erbB-2 (HER2),Topo-I inhibitor,PAY0ZVBAI,Active metabolite of irinotecan SN38,DNA topoisomerase 1 (TOP1),4,4,DRG0OKMOL;DRG0PZVUG;DRG0QQKLF;DRG0QYJUL,0,4,0.0,0,0,1,0,157.6,4
SK-OV-3 cells || Receptor tyrosine-protein kinase erbB-2 (HER2) || microtubule-disrupting || PAY0FSXOW,SK-OV-3 cells || Receptor tyrosine-protein kinase erbB-2 (HER2),SK-OV-3 cells,Receptor tyrosine-protein kinase erbB-2 (HER2),microtubule-disrupting,PAY0FSXOW,Monomethyl auristatin E,Microtubule (MT),3,3,DRG0HCHFN;DRG0VVVWC;DRG0XOWVF,3,0,1.0,1,1,1,0,0.2074,3
SK-OV-3 cells || Receptor tyrosine-protein kinase erbB-2 (HER2) || microtubule-disrupting || PAY0VZVPQ,SK-OV-3 cells || Receptor tyrosine-protein kinase erbB-2 (HER2),SK-OV-3 cells,Receptor tyrosine-protein kinase erbB-2 (HER2),microtubule-disrupting,PAY0VZVPQ,DM1,Microtubule (MT),1,1,DRG0CYMEB,1,0,1.0,1,1,0,0,0.14,1
SW620 cells || Epidermal growth factor receptor (EGFR) || DNA-damaging || PAY0AKDAM,SW620 cells || Epidermal growth factor receptor (EGFR),SW620 cells,Epidermal growth factor receptor (EGFR),DNA-damaging,PAY0AKDAM,SGD-1882,Human deoxyribonucleic acid (hDNA),1,1,DRG0CXFTH,1,0,1.0,1,1,0,0,4.3,1
SW620 cells || Epidermal growth factor receptor (EGFR) || microtubule-disrupting || PAY0FSXOW,SW620 cells || Epidermal growth factor receptor (EGFR),SW620 cells,Epidermal growth factor receptor (EGFR),microtubule-disrupting,PAY0FSXOW,Monomethyl auristatin E,Microtubule (MT),1,1,DRG0NEMOV,0,1,0.0,0,0,0,0,1000.0,1
U-87MG cells || Epidermal growth factor receptor (EGFR) || DNA-damaging || PAY0AKDAM,U-87MG cells || Epidermal growth factor receptor (EGFR),U-87MG cells,Epidermal growth factor receptor (EGFR),DNA-damaging,PAY0AKDAM,SGD-1882,Human deoxyribonucleic acid (hDNA),1,1,DRG0CXFTH,1,0,1.0,1,1,0,0,4.6,1
U-87MG cells || Epidermal growth factor receptor (EGFR) || microtubule-disrupting || PAY0FSXOW,U-87MG cells || Epidermal growth factor receptor (EGFR),U-87MG cells,Epidermal growth factor receptor (EGFR),microtubule-disrupting,PAY0FSXOW,Monomethyl auristatin E,Microtubule (MT),2,2,DRG0IBFEK;DRG0SPGJY,2,0,1.0,1,1,1,0,0.03,2
